3772832113,Waite Worral,1135
4209662321,Janella Pattinson,3660
5459534364,Devy Whifen,1739
5460276179,Gonzales Eaden,1537
1999261003,Rodolfo Fundell,3186
9250750714,Dael Ramelot,851
3009932316,Frasco Stoffels,1739
7554668765,Rory Setterfield,295
0173647278,Ethelyn Carnegie,1649
5239661774,Lucio Gartside,1404
1381032931,Ralph Vinton,288
5779320519,Cherlyn McMeekan,308
3008013880,Hilario Baudino,682
3846586560,Wilden Livingston,1501
3967534618,Laverne Gogin,596
8831451642,Hector Lahy,284
7661224267,Katee Hickin,1160
7266592488,Cecily Hassen,1237
2506248145,Zorine Jaher,4107
4926991136,Karen Stangoe,4500
2308096624,Cherice Aubin,4512
5498071760,Theobald Polden,2860
1112334149,Pegeen Cheng,4140
0014751917,Anna-diane Presnell,73
2556965991,Jordan Hannigan,3941
7063801600,Chere Dumpleton,4113
3202536109,Adelina Aldins,644
1792647263,Gamaliel Bernaldez,3264
5125697753,Marni Gordon,829
4187744614,Gherardo Stannion,1294
9576329000,Herbert Marconi,3896
6085610971,Shepperd Potter,4515
0203158423,Cammi Pledger,4105
5362535706,Mag Traill,4332
7532091228,Rozelle Bartalot,3790
3501414137,Joya Kervin,4355
0517736624,Cliff Vane,4693
7285526592,Gregoor Illing,3045
8104898388,Sadie Klas,4808
9656410440,Locke Reddell,1292
3940306983,See Gibbs,4844
9079751596,Maurits Bedwell,3259
9412314450,Pierce Archley,4213
9902612490,Pauline Bucher,1242
7884290383,Kirby Gunther,1744
2717027807,Lucky Bignold,148
0553744240,Emylee Monksfield,1357
8987605752,Gabbie Whitmarsh,4726
8158783724,Maggy Cholonin,3408
7514330429,Blythe Georgeot,1605
6309191195,Fae Ollington,2138
0036900788,Killian Arro,2225
0454380771,Paule Burg,4029
8725124463,Eberhard Summerskill,4871
9199231794,Rad D'Orsay,501
7770864607,Addia Adamsson,899
4736068523,Reggis Zupa,4374
9961826515,Tedmund Le land,31
8320439256,Latisha Lipsett,1398
9867147596,Holden Penquet,4527
1465108882,Wolfgang Tilte,593
8592055059,Thomas Desseine,2534
6118331138,Chlo Waberer,2945
4833698587,Othilia Malmar,801
0754899306,Anna-diane Coldbath,1010
2255580403,Gillie Bibb,625
8957971955,Diarmid Colcutt,4065
7399593310,Augie Galway,3157
0215696484,Blisse Jury,4449
1856349446,Rodd Ricco,1276
3837500896,Chelsie Itzchaky,2099
4417304475,Yorker St. Hill,4730
8022398861,Kamillah Urian,1007
1151573264,Dolores Woolatt,4728
2481454634,Lazare Smowton,2749
3445014205,Etheline Saines,848
6800263672,Salmon Crat,714
4480078932,Alaster Agar,1611
9769198471,Lester Gaymer,390
3828422403,Teirtza Barabisch,4336
3551523045,Sophia Beaver,1194
5833764289,Kelli Philipet,49
8761400203,Randie Biddwell,2460
5151934678,Lawry Luetkemeyer,2609
1154448568,Janos O'Loughlin,3471
3191655654,Rubin Sybe,4059
8552155494,Bear Meenan,3757
6742623055,Doll Arundel,108
8476924682,Nicolais Coppock.,663
8644839233,Christie Fossord,2213
4441710240,Lynna Chopin,765
8496792269,Sharlene Eakle,4925
7733016584,Bron Caunter,1403
6956520664,Neron Scatchard,849
8532498140,Rourke Ghelerdini,4008
1617457809,Frayda Erridge,325
3755411113,Bev Kivelle,3043
4410998757,Dick McGirl,3082
8464873646,Dela Bayle,917
0417439687,Ely Linn,2834
2856860427,Galven Nightingale,891
5122627754,Florette Whichelow,2444
9167360130,Colas Mannagh,4742
5001649455,Becky Kernley,2909
6989760710,Theodora Hallad,2819
1219468800,Muire Laverty,1076
7045357192,Colman Rottger,2331
6130328532,Angelica Ruppertz,382
0701715359,Dotty Bergeau,1806
5491297690,Alecia Huskisson,3082
6723864085,Darby Del Castello,1775
9827683101,Adrian Poulter,1737
0144754770,Maressa Laurenson,991
0764559575,Winna Pearman,1233
1231702710,Julietta O'Kielt,3711
5117760492,David Conyer,4174
0052143449,Antoni Seathwright,4985
4030471668,Helsa Chambers,1871
7276048861,Reagen Lifton,1202
7872602202,Ingeborg Beddo,4293
0864441258,Hephzibah De Laspee,4509
6121700858,Row Sannes,4263
4521517838,Bill Colbertson,1292
9732310855,Kandy Keymer,4034
1455936502,Corby Ewells,4785
1585828726,Michelina Westwick,189
7728881140,Ragnar Facey,4528
9567764328,Kirstin Crosoer,2234
5576259742,Johnny Beneze,696
5959103613,Rockwell Island,2945
9709749676,Issie McCrohon,3922
1092212981,Ellyn Jammet,2677
4263335678,Christen Brandts,2663
2848533498,Nicol Halston,4244
3293601642,Gannie Giurio,4218
4461771687,Jeth Berresford,4085
0491804091,Chaddie Morkham,1911
4228718094,Margaret Dumsday,3324
0504909665,Uta Flores,4583
5673011350,Flori Switland,3549
6194187484,Annalise Piolli,799
4004677343,Lissy Maryon,2467
7906486552,Stephine Colleck,1232
7816243782,Rochell Thorlby,643
1092269029,Nap Govett,108
0965934179,Aeriell Goricke,4512
9373832506,Pavia Milner,2028
9244829371,Winne Pexton,772
7427137930,Bennett Wiley,627
3501330553,Deloria Solesbury,4465
0791772977,Carlie Terrill,976
2149444127,Rosana Bonellie,910
4905366135,Meggi Munehay,1892
2894736983,Foster Shenley,2760
1704677556,Lindon Danilevich,405
3716414778,Helaina Gowman,2149
9354115667,Alfy Deeth,1942
0610387456,Angus Petrovic,3453
8630311371,Shelba Attwater,1228
3098412526,Jori Dunnett,2688
2476458007,Niko Mifflin,3230
6257766974,Karleen de la Tremoille,4649
3445966117,Bamby Dizlie,3397
1792624522,Sallyann Twinn,2794
7427173058,Pearl Sivyer,3353
9700155889,Adrea Pherps,3981
1300360577,Marcelle Hazelden,3490
4560712964,Phillipe Writer,4953
5657278585,Jillayne McClancy,1590
2142562612,Roz Postin,1845
9301402750,Drugi Unworth,109
1398173509,Whittaker Fermer,366
9422204798,Henri Preskett,3575
7316494719,Kelli Swaton,892
2867286433,Kendricks Shilladay,4729
6406010876,Freddi Tutchell,4246
5452289275,Liuka Wagon,357
7426752429,Gianna Tabbernor,1034
9491005227,Willamina Polden,3219
3899577817,Gui Riche,990
8999935655,Otes Synnot,1202
0813346630,Mariam Rajchert,3388
4684032124,Joye Drummer,1796
2997249775,Estrella Ockland,1211
3447163372,Nata Rabb,4558
4293118020,Stephani Timothy,2325
5075652972,Christian Gentry,2730
4857026945,Nerty Ascraft,1333
5628076031,Wesley Ion,2549
7872805219,Edlin Beyn,3365
2627073672,Tiphany Worswick,4234
2762737362,Johann Passie,997
1692442279,Tadeas Precious,792
0699918715,Tobye Bumfrey,3571
8585712481,Axe Boughey,2739
8532896936,Mickey Bigland,1433
7197399106,Kathryne Bowen,871
6450135972,Artur Firminger,4381
8186342192,Vicky Screach,3994
1492337404,Libbey Wyke,4561
6744887955,Gordy Childers,1114
6953255978,Roldan Danovich,1032
9850999896,Karin Florio,4647
5470950751,Antin Darycott,4285
0034802991,Kizzie Digby,281
7859660881,Laurens Klugman,2480
8924151827,Suzanna Pressnell,855
2006797484,Arnoldo O'Suaird,433
9907467146,Lorene Trewhitt,607
5359336447,Miguela Batson,2706
6250965572,Kelsey Readhead,3278
4513733810,Ethe Treanor,1030
5885715351,Nara Corse,4617
6437267739,Isadore Very,149
1841076244,Tessa Jerche,1283
1954297890,Linzy Geator,3965
1493615882,Benton Elliott,189
2407434374,Gillan Barnwall,1617
0863546307,Gunner Hynson,1665
0039143406,Irving Haysham,861
4986897551,Katerine Brimble,130
2715232233,Osmund Durrant,4660
6051607153,Verina Voules,2583
3024079440,Anne-corinne Christophers,4807
5490977884,Laurella Norcop,2241
1578018978,Kip Brennen,4892
1494643502,Elke Swinley,768
9644394666,Lurline Grosvenor,641
8297581187,Julian Beedham,2142
3281621465,Allie Vanacci,1583
5894123372,Anya Wonter,2572
4477084277,Cull Crangle,1730
1896041744,Randa Ralfe,677
7723777728,Lyn Weatherdon,950
7721206456,Eunice Pfeiffer,1831
3305750855,Skyler Philipet,1694
1496608542,Tabbatha Gouthier,4070
9864158651,Sutherlan Kermott,1274
7821023973,Carny Bliss,491
3137850371,Audre Lavallie,298
6551767109,Collete Tukely,2267
3040090089,Bartlett Fillis,3842
9220772051,Kaleena Danson,1099
4049522519,Rock Olle,4252
0739227068,Kelci Kryzhov,3594
0737281049,Gaspar Jeskin,367
9954143718,Dorey Titherington,3732
3159836444,Coralie Calley,3141
0080665012,Lezley Ebbers,1783
0796626839,Kirsti Castaignet,2310
0647325527,Minta Kearford,709
4766682874,Genvieve Hise,224
6376905374,Enrica Bamlett,104
0887351441,Henry Bwye,179
5077320780,Jehu Buffham,3420
7425228297,Erminie Thorneley,604
6483661649,Zora Manuel,2724
5699190163,Babbette Hardware,3284
5359477105,Pembroke O'Carney,3271
3426536803,Bat Goathrop,2252
2127298748,Aldric Swannick,1809
2563202418,Humfrey Giles,273
8976011864,Jemmie Bjerkan,2879
8355434358,Galven Brignell,2624
6554236864,Diandra Barabich,4653
2434516416,Robbert Brayshaw,4374
5022453479,Kathi Govey,3686
6865275063,Lurline Vinnick,1723
8872092884,Fianna Janoschek,2966
9037253911,Clare Trulocke,2459
1078371164,Si Mariot,812
8818961594,Milissent Linskill,3932
4068888744,Dela McCartney,3796
3544156733,Elana Fernant,3655
9667024180,Carine O'Hogertie,756
2120984751,Evangelina Ratnege,1376
3161382870,Lilllie Keough,3058
7749072519,Adey Bamell,2756
7027695049,Mitch Siburn,3726
4203884780,Zolly Baccup,1019
7679909806,Leshia Zorzutti,4877
9691928531,Louie Toma,3711
1676944230,Robbie Vedeshkin,1230
8059549294,Maxy Manning,637
2378549768,Romy Mottershead,786
3142104194,Catrina Craisford,4155
1547300205,Lay Lockhurst,169
6652983974,Joann Manntschke,752
3442707951,Eba Lyver,2432
8081098062,Ray Vale,1858
0495711950,Walker Mushart,3461
9454134329,Dennie O'Docherty,274
2015458190,Ranna Comi,3692
3467743277,Germana Pettecrew,4516
6712170540,Shay Grindle,4649
1863074325,Gene Coll,169
5636807864,Bobby Cowherd,1041
7119743414,Patten Serle,2648
5127722615,Neysa Markushkin,4241
2231618346,Arlyn Yve,1769
2144999872,Bryn Ludwell,1493
7630789971,Reuven Emblen,4018
6398462831,Dredi Tuerena,1382
9714595126,Sunny Shapland,2367
1344518621,Edie Routhorn,2449
6475532703,Amaleta Antrag,3721
0135222524,Rosabel Marfe,976
5355488498,Jim Vigrass,1770
4920131674,Vito Grishin,2871
3535731674,Alberik Gerardet,133
7005751590,Tiertza Shearmur,2688
0126381577,Archibold Ewert,314
2110732180,Lissi Marfe,3163
0571217184,Malvin Prise,4819
2599482674,Phil Tantum,2422
2466350394,Seka McArte,3141
7970413374,Vassili Hedworth,4383
6501714125,Kynthia Gittis,4391
7140722455,Jacobo Hofer,1222
6192310300,Diannne Lindenstrauss,1174
0268147825,Constantine Heathwood,4551
5894902312,Chariot Cannam,891
7465791561,Hertha Pargeter,4839
9119994974,Wakefield Schreiner,4854
5934304097,Yul Zammitt,1865
7670584742,Natka Middleditch,4064
3374829317,Jacobo Mandrake,374
4993310994,Lindon Guinnane,2446
3046509200,Isaak Brettor,1820
0434824747,Eddy Spurman,3984
1516262832,Dillon Scholes,3200
8290272324,Remington Sharpless,4858
3846102636,Enrique Giroldi,3273
5577790093,Tad Gruczka,1605
9327263448,Carlee Castanie,1376
0373155077,Kirbee Tampion,1872
6624927259,Tresa Eggle,3297
8687564198,Car Siely,221
6134237604,Hedvige Pisculli,4134
4618820675,Rahal Booeln,1001
0574973419,Elinor Petrolli,218
0251177386,Dorelia Rizzolo,3755
9678186764,Elisabeth Velde,4545
1923849379,Allister Tollemache,3098
4575031453,Andromache Kentish,3580
7351566127,Cello Franseco,166
7701232680,Bobbee Wintour,2534
3198938260,Clifford Ferrier,1132
3090080575,Marcelle Allkins,1205
4393592271,Meredith Zini,1086
0310280648,Carilyn Romanelli,1724
5224513812,Adoree Deavin,786
1616315180,Rab Tidmarsh,4714
4807964615,Loutitia Denge,3735
0491169337,Amata Cuer,4761
2797475984,Burnard Jaspar,1285
7796808925,Meara Boow,4331
5080622946,Pinchas Tylor,4385
4682343742,Ciel Longwood,1305
1697241964,Conchita Matignon,262
0491808798,Aksel Petel,2911
2040339272,Marve Hollingsby,4937
7073509678,Weidar Bride,1777
7849823184,Scotty Gostage,3750
9200261981,Daron Tomsa,742
5050615542,Andreas Kensall,4605
9925447399,Brigida Lithgow,2817
0042241936,Brandie Raggett,3932
8592300355,Darla Slocket,3016
9399635368,Waite Pavlovsky,672
6205608340,Gilberta Yellowlee,1516
1659412609,Clayton Davis,3887
2494337429,Dasha Greenham,1752
1091994536,Gunther Gutch,2856
7539451270,Madella Richin,3217
5040017014,Enriqueta Smallridge,1955
3799493743,Jade Brennenstuhl,2064
3543869884,Erik Darthe,1802
4851592981,Hanan LeEstut,802
1648116493,Dredi Moehle,2460
7139849692,Hortensia Kilvington,1618
9531629862,Linn Lytle,2526
9792393579,Delaney Scanderet,4996
5322754458,Hedvig Trodd,4482
9996042014,Any Gallyon,3342
5150518271,Leland Beeres,2878
9834506384,Martha Clurow,2030
4033856005,Blondelle Switzer,4371
9798306600,Betty Fortey,1108
1192182278,Claudio Brent,152
8752647897,Genevieve Askew,1408
7104007091,Elijah Metheringham,1576
7963164054,Sarena McSwan,2002
5139858185,Steffi Collens,1364
1507174705,Magnum Benezet,277
1340193566,Zola Howlings,2834
8704520564,Carter Quant,123
9927849966,Doris Sickamore,1662
1520006691,Consalve Arnell,748
9789982550,Nancee Clynter,1227
4745620748,Maynard Scarrott,784
0499961749,Agatha Petschelt,496
0412733986,Dimitry Money,659
6313749642,Tara Moulds,198
7320446529,Mal De Nisco,1807
4880295329,Hayley Dundredge,184
9986491681,Myrtia Stening,4773
1561011290,Janot Duny,3329
5702221621,Bess Santarelli,2577
1697382444,Kristal Gallop,3869
6435268509,Herc Ducker,1477
2570315281,Gun Mapother,3752
8361705384,Ida Hillborne,4179
3586247850,Phylys Colbeck,3354
3601715287,Rafaelia Bleasdille,4295
8068319220,Em Chittleburgh,3566
9760125064,Corney Napton,494
5574593181,Yoshiko Meade,2036
7095721548,Papageno Hulburd,1517
7761860874,Nancey Hodcroft,2403
0297638416,Ellswerth Ovenden,469
3780684748,Cassaundra Kingdon,2396
9808656935,Susanetta Grunwald,3503
1295557355,Orv Cunio,2100
4297317753,Donal Doumic,4377
6867116019,Rafael Stenson,2809
7679472696,Jaine Menichini,1288
0767974425,Kimberley Flintiff,1775
0154684406,Birgit Traill,3176
8731380832,Nara Ronchetti,4539
6031641321,Eldridge Want,4047
5019815330,Richart Baldery,4146
5452962123,Addi Maynard,4384
7858682695,Gradey Rame,3774
3384902033,Sande Welsh,4632
3798313474,Marven Tattershall,1478
4640881576,Darda Jotcham,2915
4671372703,Vivyanne Impleton,1624
0990556999,Alameda Summerskill,4018
9117691532,Ethelyn Fockes,247
7754551527,Papagena Barz,3820
8540698714,Jerri Denley,4060
3676356241,Monroe Thicking,236
6043572583,Lamond O' Liddy,4008
6683284717,Gisela Morrieson,1838
8535379886,Lolly Anthona,3358
2798505550,Adoree O'Sullivan,495
8228015801,Alyss Tulloch,207
5868707281,Calida Hawkin,1969
5445447855,Georgi Kopta,4452
4727214873,Poul Pagel,779
8086486818,Marena Falks,1903
3884444433,Katinka Padson,178
1845805453,Romy Attridge,1814
0215823311,Jorgan Foyle,3027
0024716731,Bettye Powderham,1360
2958980758,Julissa Harflete,4838
2783586940,Pattin Greveson,1145
4034982136,Averil Rusling,4262
8039593093,Carroll Starkey,3919
0310668824,Wolfy Wyldish,4271
2884719997,Katine Melmoth,4569
7406182619,Fredrika Ziemsen,2356
1297252802,Pietrek Cordeau,675
4241478484,Eal Clewley,545
4494273856,Susette Warke,77
5957517224,Trace Blaise,2217
4193727505,Wolfie Lazenbury,1924
9845196918,Kayne Thickin,2543
8857548848,Benjie Engelbrecht,2636
6292281043,Evangelia Aireton,3202
6396514656,Pamella Geraldini,124
7204635817,Tomasina McConnell,3212
3082893333,Forster Renon,1252
7338059799,Herold Plaid,1779
2523336774,Kerrie Wisniowski,4534
7840609074,Orv McGahey,1754
7740729035,Gaelan Farrar,4380
5310022074,Cyndi Longridge,4096
3180511362,Drucill Callis,3363
2063194254,Chelsae Duprey,1148
6770953129,Bonnee McGragh,1673
5743208697,Donny Robeson,334
1722306629,Rozella Francombe,2717
7349441975,Dalston Kment,3680
9739776612,Bertie Frammingham,2388
3870817623,Laurena MacTeague,4590
9539541336,Micah Revens,2480
1361252359,Waiter Meegin,3412
2012689566,Bram Davy,2386
9071846873,Fredia Levesque,2229
1742825028,Melisa Osinin,2921
4466977666,Tibold Fiddiman,2828
4159926436,Elaina Sherme,4939
7952499513,Amara Simonich,2652
7873818691,Adaline McKeeman,4952
2634391021,Zacharie Dabels,461
1584872241,Ayn Bartot,1582
6280822761,Nikki Troubridge,3924
0523578164,Vickie Shuttlewood,2528
2121134956,Afton Orans,1641
2125455579,Emeline Pigdon,973
2866561724,Celestia Douty,2325
7509456150,Daryl Buyers,1417
0002251051,Hube Seaborne,2919
5317485673,Olvan Guile,4284
1928403301,Bendite Merwood,1493
4421308285,Devondra Vyvyan,4766
5363107171,Lionel Greeding,1493
4325579613,Jakie Blowfield,2874
1379379830,Lazarus Moulsdall,1494
8237216547,Bartolomeo Gonoude,1194
3345145375,Alvy Philpin,1802
0949698261,Martguerita Chadbourn,4665
9604307061,Cristin McGarvey,2122
3152509537,Forrester Rolfs,3384
2060777437,Moss Philipp,3098
5728323065,Flory Glandfield,4348
0531484548,Kimmy Lakenden,4573
9081450697,Jack Poulden,1241
8710348441,Irma Huntar,1792
0089785436,Clem Kivits,863
5707035249,Doy Poltun,4623
5504974852,Ryann Vernay,3834
0940718146,Phillip Trenaman,3339
4552673386,Aldin Minelli,2419
2891490215,Fulvia McDirmid,3948
6545953230,Lazarus Toor,2513
0754750264,Wang De Giorgio,304
7068811906,Regan Deller,2396
3251661256,Averil Sowood,3932
1722111429,Micaela Chong,3153
6251106492,Morton Stovine,552
2430338610,Carline Padson,1933
3306969117,Rasla Fickling,4070
4025759098,Layla Spurdle,4215
4523832889,Ron Gronw,4917
3877770665,Stearn Cadagan,4599
6854290392,Gabie Ivashnikov,3381
7155018805,Anita Gellibrand,2493
5840414921,Tani Meffan,3505
6165901956,Estevan Harpur,4046
5375442884,Piggy Francisco,475
9529339526,Jordanna MacCaffery,3429
8013459799,Gerri Barradell,2242
2503004423,Aguste Parradye,3495
3009202652,Carson Knightsbridge,1289
7347194458,Kally Lyenyng,2464
4354307391,Maribelle Vonderdell,2222
3614185419,Corty Winward,4666
3226523090,Paule Blyden,3069
6084155626,Stacee Jozefowicz,3714
6918798936,Katy Telling,841
6929241903,Shayla Abisetti,453
1733127348,Callie Bottom,3090
3623758876,Imojean Roskam,4509
3622831782,Adelaida Jaycox,3611
0936125187,Selig Clementson,4938
8704922883,Auria Ladlow,2830
4549765348,Garreth Von Der Empten,4076
1013920783,Clemens Render,2548
9211259088,Lane Jewar,1394
4047299367,Tera Tesyro,456
5426570957,Dyan Obal,3963
1110198639,Lela Goucher,3887
0026306239,Gianina Corbishley,424
0033650209,Burnaby Kerfut,606
7516189278,Rufe Talloe,2457
0081666357,Juana Ashlee,2476
1198129506,Curt Skelhorn,4442
5096766861,Rees Doleman,795
7027223597,Allianora Harrell,4608
9225292740,Janith McIlenna,2580
9200247377,Glenna Hinkens,2011
8374950323,Cully Rankine,3663
5939398065,Olvan Stowers,411
1293890405,Lenci Wesley,170
6422131038,Selia Rossetti,386
7258377328,Barbee Greenless,3653
2117791093,Dasha Bente,4625
1977513859,Jessey Motton,2832
9103317072,Quinta Davydychev,3062
5760468219,Pier Conman,3536
3824730189,Madelena Burlingham,4998
1235295125,Amalea Tomich,2190
3028093383,Ranna Purshouse,2630
3627051378,Elfie Deverock,1478
6685208864,Ericka Dakhno,2079
7490720044,Myrtice Adderley,449
8051594193,Becka Roadknight,2223
1201696593,Dall Vanshin,117
9862368136,Dominique Simenel,3696
5228656413,Lief Robrose,1019
2737936217,Juana Twort,3559
0914419927,Boycey Bennit,2053
2810213321,Maye Rayner,736
0713373881,Allyson Runnalls,2233
2051978859,Reba Leadbitter,4691
0719428823,Westleigh Nicholls,1191
1143346815,Cobbie Bahlmann,2605
3878777779,Colan McKenney,3786
9491052055,Garrard Lethieulier,4753
2928592830,Barbara-anne Quinane,526
6876953696,Teodorico Burdin,2211
4698745500,Thorn Trustie,1085
4281363637,Drucill Gerrelt,2557
9891974499,Noach Fitzsymon,618
8495970503,Coleman Cavozzi,725
0052196542,Wainwright Scone,1179
3130230009,Christye Eathorne,2245
0873586875,Donal Calles,2034
7888413617,Rodge Hadlow,4074
0780866843,Mady Jallin,3509
2033570711,Waylan Ivanisov,3641
6427107461,Dody Bridgett,1332
8618775274,Lilith Partrick,129
3850747638,Justino Fairbourne,17
3689619378,Vassili Sutterby,2444
1067926127,Harriott Longina,1933
3787581871,Melody Selwyne,3338
1343313767,Natasha Philliskirk,3505
7911397732,Lotty Summerhayes,3179
5367114237,Hattie Playford,3188
1186432934,Richmound Syrett,2885
6002263853,Blondell Tomas,3748
5165265501,Bride McPhail,652
0914513702,Mason MacPharlain,3461
2843875323,Winn Ridde,4080
8540618109,Chad Teese,327
1607891441,Cara Bordessa,1135
1396205950,Margarete Body,4508
9442098888,Benjy Attree,4002
8523460268,Louie Wyldbore,4464
5008314130,Vin Halsted,4133
5760840460,Giorgia Rumens,1587
9777675410,Ashlen Ellery,3996
7405941850,Darcy Bernlin,4959
3299171380,Brett Sitford,211
5973022323,Winonah Bernet,2718
5967575413,Noby Gowanlock,1411
0459883666,Stillman Kinman,4196
1107355826,Paxton Gerram,2409
3438959178,Gustaf Chisnell,2532
9116218515,Consalve Antonietti,1895
1962636917,Sonia Duckhouse,4703
4404039166,Eldridge Tonnesen,831
3361798396,Dov Halle,4749
1042517282,Rawley Habbert,4208
0774204214,Fulton Brumbye,257
4194937813,Allie Silkstone,3057
9281122006,Alisander Brittle,4913
4826534078,Justen Huikerby,4975
8066099533,Traver Prentice,2217
7013889237,Harbert Rowdell,1115
8978646085,Gilberta Edgington,1412
6529609121,Fionnula Wyne,4685
2126121313,Donalt Yeend,2444
1956501185,Fenelia Urion,2105
1775911624,Ernesto Nortunen,474
2860796851,Randolph Moreside,2076
0232080623,Lionel Deplacido,398
8786556606,Aurilia Vaisey,4955
5639718684,Fionna Veracruysse,1965
5483115309,Lory Demangeon,1121
9871677243,Petey Bakhrushin,353
0432591974,Debera Pavlata,4408
6561009835,Madelon Mozzetti,3111
9985805208,Had Dunley,3631
4083436131,Audra Sandes,3328
8211605074,Gradey Largent,711
9207284863,Batholomew Paz,2878
1213601096,Colet Como,4711
6191052855,Lesley Walework,1600
4402876680,Sena Kingswood,3313
4540928619,Gay Chrystie,4994
6101654745,Fayre Cicconettii,3099
7441654327,Tawnya Flowers,3054
9437223599,Faun Piggens,1395
6221222869,Darice Blanpein,4732
9871710240,Kial Hattiff,3354
7731844900,Lurleen Tabard,818
5994582492,Arlen Fedoronko,4000
2317556128,Risa Torr,971
2412284997,Hadlee Waszkiewicz,1399
8330459667,Cynthy Hennemann,2596
1242579141,Quinlan Langtree,3471
9455777290,Haleigh Heddy,1732
4876048118,Chanda Medlin,4543
5121002513,Panchito Girdwood,3762
3284561439,Stanfield Tomaszewicz,1889
1013509226,Rufe Creany,3954
8498320879,Dillon Maidstone,3199
4461656756,Sean Logie,2283
1673644821,Maddie Arman,3835
6718104809,Boothe Domingues,2378
8667926183,Babita O'Nolan,128
7003042703,Mack Dunklee,4502
8996444898,Rutherford Ioannou,3002
1486039421,Deana Reeks,118
9177745108,Marc Rault,4948
2246529808,Ladonna Flanaghan,3989
0004732251,Jarvis Aidler,3959
6794156660,Lisbeth Yankov,1832
1385622164,Connie Oleshunin,4044
8766456177,Luther Swannell,2914
0020204620,Alysa McLugish,3324
3310320634,Darrin Campa,545
1447779444,Carr Line,2673
6022820863,Caitrin McGeraghty,4818
6732916742,Petronilla Eliyahu,1273
7102670591,Aubrey Kamena,2148
6350528514,Sholom Jandera,3790
3809389188,Linnie Coffee,3612
9823339902,Happy Milne,137
0917411358,Lorenza Durtnal,4849
4888580030,Reider Whittuck,2541
6320377852,Orrin McSaul,1804
0694985910,Arlee Klossmann,52
8166183153,Kial Boagey,1830
4641213917,Cornie Marcam,4509
6638490966,Les Hamments,2652
0098307029,Dahlia Wait,1282
0700356762,Farlay Gaudon,2611
4678952616,Sterne Sweetlove,550
4892112968,Leanna Reeken,3687
2011473527,Kristofer Nickless,214
6384452782,Vivyanne Turley,1731
1343655706,Adele Lilleman,4591
7906095189,Alberta Camp,2250
3516160438,Asa Quinsee,977
2212595964,Booth Sygroves,4261
4034692626,Haley Staines,1858
7219703082,Moore Lambdin,4753
4116298263,Nikolia Kopfer,334
1269727974,Lorette Swyer-Sexey,2310
4576729500,Axel Luety,2844
2251222162,Berk Loisi,1454
1308809689,Lorrie Budik,4017
1953902723,Ashlie Crux,2834
8188929069,Pieter Rainsdon,4177
8454917489,Guenevere Pethick,4613
9388590252,Norrie Lampens,3084
3306031968,Valene Donohoe,4542
1180209753,Saunderson Djokic,948
4758811717,Morgana Cowtherd,1346
4751500678,Bondy Dukesbury,1934
3324857503,Perren McCawley,844
1344581676,Wilmette Ivankovic,4872
5498356714,Vale Stathor,4195
2645364942,Paule Fasey,750
2234318610,Lenka Ellyatt,3965
0875441726,Wiatt Kingsley,908
9388366581,Gina Puckham,2322
3710543053,Hi Pannett,2162
5289029583,Beatriz Salaman,4173
1143446437,Caddric Antonat,387
9905406913,Phillip Braybrook,1540
8883799801,Martino Janosevic,2923
4715415828,Cirstoforo Magson,1430
4423478706,Elisa Niblett,4907
9201512864,Ysabel Sabates,378
9569471336,Lauren Yurivtsev,4404
7181705652,Gill Woollhead,3924
1557008906,Shay Morritt,808
8762223127,Kameko Henriksson,2853
9533341998,Anne Filkin,4632
5363571269,Abramo Banham,468
6934080564,Abelard Andrey,2082
0811143058,Evonne Rossander,2228
9049360726,Elysha Dunderdale,3203
2729553053,Georgetta McCosh,4964
1781935653,Tadeas Henworth,1918
7966720500,Ethelind Glassborow,3887
1220886440,Elliot Faughny,3932
4203193745,Harri Pittendreigh,3230
6047904785,Reube Nurse,1928
5658987180,Yolanda Creigan,3582
4703085887,Norine Raymont,622
8914695425,Flossie Pargetter,37
4141076058,Brendan Garrals,1236
8624199832,Nesta Proudlove,1109
4061535226,Erastus Melanaphy,4991
0302601406,Matty Rydings,4861
0614192536,Amandie Fauguel,2472
6939817778,Norine Coathup,3891
2978820829,Wilburt Dominka,2143
5410995961,Murry Small,3835
2605844854,Nevil Scapelhorn,209
9405033808,Alix Monkton,3330
1003436935,Zitella Dreelan,4284
1714840557,Bobbie Pawlicki,4503
3855348243,Janette Strangeway,493
9162769804,Duff Calterone,3928
6667730066,Lilli Jan,1720
4621972677,Kirby Tourner,1534
0677692986,Ninon Dulling,641
4252156297,Arleta Bellew,4959
1521638950,Heath Minshull,2696
7984590621,Ash Strass,3042
5374062948,Darn Beavors,2960
7842707030,Judas Urwen,1363
1578250226,Fransisco Casaroli,1556
6738837410,Nanci Lawerence,4127
3901989919,Kiah Stanbridge,1872
2264146095,Camile Milliere,1535
6496218323,Davide Tomkowicz,2277
4452722326,Pasquale Duchant,4239
7914893757,Olav Styles,1475
5453218304,Phil Paulino,2859
4182413695,Maurita Grainger,199
2531780092,Claiborn Jessope,4762
3284990879,Brent Androlli,3349
7825662628,Whittaker Pagden,2207
5435847656,Trueman Amos,199
6820563078,Mord Joberne,2514
1639384936,Delano Woolley,2933
5985741605,Britt Darcey,4142
6001772738,Clarine Plumley,4735
6261265305,Phillipe Chazerand,3139
9689863428,Silvana Jex,142
2856825710,Haily Bode,1223
3784246745,Ines Plaice,788
3753280135,Danika Senten,2848
4724008857,Perla Gillyatt,363
6118563292,Tobiah Cullnean,4718
9941922608,Selene Gauler,2150
5148954000,Molli Biaggi,4413
8086845362,Peggi Orton,2644
9629767899,Shelby Larrad,127
8081355464,Bella Stooke,2505
9711434636,Odetta Probert,1096
4829168218,Mill Greed,4612
8338404357,Clarissa Duddin,2074
1632600765,Ermina Lygoe,2572
0107040409,Ahmad Extill,532
4559392102,Stillman Pond,2231
3353089918,Cynthie Smeeth,3320
0616221916,Pavla Danielli,4036
5672309275,Berny Shirer,3366
8401194105,Phil Blyde,3776
5840608483,Guenna Reddell,1884
2701270162,Alanson Conlaund,3676
1236339177,Hirsch Turvie,605
5740665361,Karmen Sudell,2097
0368985644,Roxy Poncet,4519
8227371914,Edlin Woodroffe,3328
1526520451,Duffie Mordue,3772
3862996794,Michaella Baltrushaitis,3964
4856902695,Deni Casserly,1290
9417015087,Cortie Panton,4911
3784520545,Darcy Bound,4331
3231511313,Matelda Scarfe,3905
5401766335,Jock Beilby,7
4359933940,Grover Cowen,3540
7628862373,Sheffield Annakin,2382
6190830935,Francine Fuge,3093
8057427396,Ranique Tooth,3706
4964755746,Orin Levet,493
2244311457,Pren Whitten,4901
6323915324,Thatcher Haslewood,3126
0793643635,Luz Sharpe,3452
3524998097,Cad Struis,3739
9681326911,Cacilia MacTague,2383
0151716188,Zollie Balnave,1613
2302738357,Rodger Chick,1508
8827428801,Tomasina Lenden,1056
3306951331,Jillana Skechley,3291
7168568698,Maynard Divisek,4251
4680710179,Kora Raiment,4225
8577154874,Rayshell O'Gaven,2439
0153231297,Currie Philipsen,3992
6133045892,Olia Mellenby,1226
9223938031,Kenyon Dove,363
7041593177,Delora Rosenqvist,86
6922440935,Brantley Beebis,4177
5056568856,Bridie Hydes,2591
6294724325,Rayna Mears,1577
0832894486,Hasheem Foskin,3513
9738040426,Jacintha Gilhespy,3867
6721770660,Chris Bellham,914
4093501092,Dyan McGeorge,1298
2025373023,Moritz Woollett,1572
5849188401,Phelia Sanper,1023
5519437246,Devy Sutherland,1601
9519923942,Jaime Snar,2364
4324365482,Amalea Matushenko,1212
7489443873,Joseph Willmer,2390
8135939949,Miran State,3319
1711990264,Felice Lawrenson,3547
9086062733,Micheil Crane,4779
0152565426,Penn Plows,1042
8097623994,Alexis Fullegar,3281
2154594727,Dasha Nixon,1321
4639171234,Bunni Keenlyside,170
6476983156,Clarette Constant,4090
8807722801,Winonah Liversedge,1905
0573551685,Gian Iddiens,3701
9501389812,Gaylord Puddicombe,259
7621485108,Evelina Peealess,1013
6466970043,Ezmeralda Latch,3769
8295365940,Claretta Delouch,3125
7637066053,Blanch Janse,1774
8203635474,Brocky Hubbins,4445
0698050355,Marcelle Tuson,3956
2074193114,Melania Dounbare,3849
4427607101,Alysa Sorey,2499
6019842924,Abby Totterdill,3584
6230623579,Lissa Dilloway,2657
6809479392,Shelly Braunton,1096
6417173127,Daren Blenkhorn,2703
6238926724,Celestia Southers,1548
1777938481,Hortense Parker,700
8856766647,Germain Greensall,3242
6436874305,Cammy Albrooke,1614
2606325583,Dorelia Philpott,3665
9317535410,Nye Bridgeland,2688
7101440320,Terri-jo Bolger,1470
7840855229,Wilmer Syms,842
2229614282,Adan Allcott,1988
7875342228,Zonnya Dobbs,3246
4912520411,Bethanne Excell,4595
4054305377,Kordula Fritchley,2476
6181926747,Moises Rothschild,2092
5237049125,Anstice Dewer,2952
1895963117,Mauricio Hawkey,719
5608259661,Heinrick Matherson,3371
4329010534,Nola Giovannini,3761
6335003619,Karlik Roels,3064
5341092198,Emlynn Wieprecht,4960
9186461834,Thatcher Gilfether,872
8125824162,Courtney Freeth,4010
3622435623,Bell Olenichev,4638
0814572626,Alexa Haton,1079
9581091327,Chandal Cockley,3331
5315036839,Shelby Sweatland,2773
8578731875,Jeramie Chaikovski,1680
5898858784,Bradley Cron,1403
0901563013,Lilian McVitie,803
0058257853,Sula Crallan,119
6454636127,Collie Fer,2866
2828081850,Davidson Jeannin,4192
0577387340,Hoebart Creer,629
1001238990,Daryle Yesipov,3605
5010410931,Doro Wisbey,3951
2224692544,Caprice Seabon,4118
3669016643,Aaron Hargroves,4641
3514639477,Frederic Romeuf,2928
3973319375,Cariotta Chettoe,637
0187948607,Ferd Lardnar,3852
1505470730,Carson O'Kenny,2220
6538025994,Dayle Garrat,1035
1104224895,Craig Bunhill,1659
3097868852,Cameron Slimings,2889
5701915980,Shae Pavolillo,2036
7556902994,Beniamino Dearden,981
7739117218,Kevina Gilli,1029
8736407097,Padraig Limmer,1508
7217019613,Em Rhoades,3874
8011789260,Heath Scamwell,1426
7503145331,Doro Deniset,847
0311379761,Hanson MacKnight,647
8638674929,Amata Cathesyed,3629
7340991182,Reba Alekhov,4267
0332818543,Dwight Hallex,1857
3379678244,Cathrin Girardin,3290
8262125886,Dyane Tant,3138
7874424980,Stephana Champness,3587
5630833073,Siouxie Baford,4099
3832693173,Celina Smalcombe,903
4954096642,Alyse Wonfor,904
9987974910,Arturo Ower,661
5883472265,Clemente Casolla,2818
8881092255,Joyce Robjant,1529
3899184211,Lynne Geeson,2660
2563350700,Axe Jardein,2113
1773758802,Obadiah Cato,1636
8751847701,Camella Quail,3346
1733573445,Tamma Benesevich,3002
6361297004,Mabelle Childers,2044
8309494610,Vinni Stratz,3368
0096678623,Dottie Nibley,2334
4897656427,Cherilynn Schonfeld,4138
9501493857,Terrie Whistan,4392
9432120260,Jelene Andrieu,933
5399381559,Irma Keers,2186
5230823275,Wakefield Westcot,1304
2440897701,Shandie Wabey,4366
4191997971,Wolfy Stammer,679
9008162067,Gwenny Baglan,2987
9766678871,Artus Norcock,4057
5133015577,Saba Bonwell,2766
2131335504,Danna Pleager,4187
2160097608,Ivor Sanderson,1280
8139408859,Livy Handrik,1920
9203010947,Dianemarie Weitzel,6
4110685907,Freedman Thomassin,829
8422618575,Tadio Busk,770
7017869389,Kamillah Martinovsky,2749
6787206232,Hamid Munroe,2097
5551423808,Arlan Willatt,1007
